date,home_team,away_team,team,scorer,minute
2020-01-04,Argentina,Germany,Argentina,Martinez,70
2020-01-18,Italy,England,Italy,Retegui,36
2020-01-18,Italy,England,England,Kane,44
2020-01-18,Italy,England,England,Kane,49
2020-01-21,Spain,Portugal,Spain,Yamal,11
2020-01-21,Spain,Portugal,Portugal,Fernandes,81
2020-02-01,Germany,Brazil,Germany,Musiala,86
2020-02-01,Germany,Brazil,Germany,Fullkrug,88
2020-02-01,Germany,Brazil,Brazil,Vinicius,78
2020-02-01,Germany,Brazil,Brazil,Vinicius,69
2020-02-05,France,Croatia,France,Mbappe,41
2020-02-05,France,Croatia,France,Mbappe,9
2020-02-05,France,Croatia,France,Mbappe,73
2020-02-05,France,Croatia,Croatia,Pasalic,41
2020-02-05,France,Croatia,Croatia,Kramaric,64
2020-02-05,France,Croatia,Croatia,Modric,83
2020-02-11,France,Germany,Germany,Musiala,75
2020-02-11,France,Germany,Germany,Musiala,29
2020-02-18,France,Italy,France,Giroud,2
2020-02-18,France,Italy,France,Giroud,15
2020-02-18,France,Italy,Italy,Barella,69
2020-02-23,Spain,Brazil,Spain,Williams,34
2020-03-01,France,Netherlands,France,Griezmann,70
2020-03-01,France,Netherlands,France,Dembele,68
2020-03-01,France,Netherlands,France,Griezmann,77
2020-03-01,France,Netherlands,France,Mbappe,3
2020-03-04,Spain,Germany,Spain,Williams,9
2020-03-04,Spain,Germany,Germany,Havertz,69
2020-03-08,France,Croatia,France,Dembele,70
2020-03-08,France,Croatia,Croatia,Perisic,89
2020-03-12,Germany,Italy,Germany,Fullkrug,44
2020-03-12,Germany,Italy,Germany,Fullkrug,71
2020-03-12,Germany,Italy,Italy,Chiesa,29
2020-03-15,Brazil,Argentina,Argentina,Messi,86
2020-03-15,Brazil,Argentina,Argentina,Alvarez,70
2020-03-19,Portugal,Croatia,Portugal,Fernandes,46
2020-03-19,Portugal,Croatia,Croatia,Modric,60
2020-03-22,Brazil,Argentina,Brazil,Neymar,58
2020-03-22,Brazil,Argentina,Argentina,Messi,24
2020-03-27,Croatia,England,Croatia,Perisic,70
2020-03-27,Croatia,England,England,Bellingham,12
2020-03-27,Croatia,England,England,Foden,31
2020-03-31,Italy,Croatia,Italy,Retegui,59
2020-03-31,Italy,Croatia,Italy,Chiesa,90
2020-03-31,Italy,Croatia,Italy,Scamacca,72
2020-04-06,France,England,France,Giroud,65
2020-04-06,France,England,France,Griezmann,68
2020-04-06,France,England,England,Kane,66
2020-04-06,France,England,England,Kane,24
2020-04-09,Portugal,Brazil,Portugal,Ramos,32
2020-04-16,Portugal,Argentina,Portugal,Ramos,31
2020-04-16,Portugal,Argentina,Argentina,Messi,17
2020-04-16,Portugal,Argentina,Argentina,Martinez,39
2020-04-16,Portugal,Argentina,Argentina,Alvarez,10
2020-04-19,Croatia,Portugal,Croatia,Kramaric,45
2020-04-19,Croatia,Portugal,Croatia,Pasalic,32
2020-04-24,Germany,France,Germany,Wirtz,71
2020-04-24,Germany,France,France,Mbappe,85
2020-04-24,Germany,France,France,Mbappe,18
2020-04-24,Germany,France,France,Mbappe,14
2020-05-01,France,Germany,France,Griezmann,65
2020-05-01,France,Germany,Germany,Musiala,7
2020-05-08,Germany,France,Germany,Fullkrug,89
2020-05-08,Germany,France,Germany,Havertz,70
2020-05-11,Spain,Portugal,Spain,Olmo,6
2020-05-16,England,Brazil,England,Kane,23
2020-05-16,England,Brazil,Brazil,Raphinha,4
2020-05-16,England,Brazil,Brazil,Neymar,43
2020-05-16,England,Brazil,Brazil,Rodrygo,53
2020-05-16,England,Brazil,Brazil,Rodrygo,32
2020-05-21,France,Brazil,France,Griezmann,45
2020-05-21,France,Brazil,Brazil,Neymar,30
2020-05-25,Argentina,England,Argentina,Martinez,45
2020-06-01,Italy,Netherlands,Italy,Retegui,34
2020-06-01,Italy,Netherlands,Netherlands,Depay,77
2020-06-07,Spain,Italy,Spain,Williams,1
2020-06-07,Spain,Italy,Spain,Olmo,69
2020-06-07,Spain,Italy,Italy,Barella,86
2020-06-11,Spain,Italy,Italy,Retegui,16
2020-06-16,Netherlands,Germany,Netherlands,Gakpo,49
2020-06-16,Netherlands,Germany,Germany,Wirtz,23
2020-06-16,Netherlands,Germany,Germany,Wirtz,39
2020-06-22,Netherlands,Argentina,Argentina,Alvarez,42
2020-06-28,Croatia,England,Croatia,Perisic,80
2020-06-28,Croatia,England,England,Kane,31
2020-06-28,Croatia,England,England,Saka,29
2020-06-28,Croatia,England,England,Bellingham,19
2020-07-01,Argentina,England,Argentina,Messi,19
2020-07-01,Argentina,England,Argentina,Martinez,1
2020-07-01,Argentina,England,Argentina,Martinez,14
2020-07-01,Argentina,England,England,Bellingham,29
2020-07-01,Argentina,England,England,Kane,90
2020-07-01,Argentina,England,England,Kane,7
2020-07-08,England,Brazil,England,Saka,65
2020-07-08,England,Brazil,England,Kane,71
2020-07-08,England,Brazil,Brazil,Vinicius,21
2020-07-08,England,Brazil,Brazil,Rodrygo,61
2020-07-08,England,Brazil,Brazil,Vinicius,32
2020-07-08,England,Brazil,Brazil,Rodrygo,36
2020-07-20,England,Germany,England,Kane,20
2020-07-20,England,Germany,England,Saka,9
2020-07-26,Italy,Spain,Italy,Retegui,75
2020-07-29,Portugal,Italy,Portugal,Ramos,54
2020-07-29,Portugal,Italy,Portugal,Fernandes,70
2020-08-08,Italy,Spain,Italy,Barella,11
2020-08-08,Italy,Spain,Italy,Barella,18
2020-08-08,Italy,Spain,Spain,Yamal,24
2020-08-08,Italy,Spain,Spain,Morata,49
2020-08-08,Italy,Spain,Spain,Morata,59
2020-08-08,Italy,Spain,Spain,Morata,49
2020-08-08,Italy,Spain,Spain,Morata,54
2020-08-13,Brazil,Croatia,Croatia,Perisic,84
2020-08-13,Brazil,Croatia,Croatia,Kramaric,4
2020-08-17,England,Argentina,England,Foden,60
2020-08-17,England,Argentina,Argentina,Martinez,48
2020-08-21,Portugal,Brazil,Portugal,Leao,74
2020-08-21,Portugal,Brazil,Brazil,Rodrygo,49
2020-08-27,England,Brazil,England,Saka,16
2020-08-27,England,Brazil,England,Bellingham,73
2020-08-27,England,Brazil,Brazil,Rodrygo,45
2020-09-03,Italy,Spain,Spain,Olmo,63
2020-09-06,Italy,Spain,Italy,Scamacca,35
2020-09-06,Italy,Spain,Italy,Barella,69
2020-09-06,Italy,Spain,Spain,Williams,60
2020-09-12,Portugal,Germany,Portugal,Fernandes,60
2020-09-12,Portugal,Germany,Germany,Wirtz,86
2020-09-18,Spain,Argentina,Spain,Morata,36
2020-09-18,Spain,Argentina,Argentina,Martinez,90
2020-09-23,Netherlands,Argentina,Netherlands,Gakpo,31
2020-09-23,Netherlands,Argentina,Argentina,Martinez,83
2020-10-03,Germany,Portugal,Germany,Musiala,59
2020-10-03,Germany,Portugal,Portugal,Ronaldo,33
2020-10-03,Germany,Portugal,Portugal,Ronaldo,25
2020-10-08,Brazil,Netherlands,Brazil,Vinicius,68
2020-10-08,Brazil,Netherlands,Brazil,Vinicius,13
2020-10-08,Brazil,Netherlands,Netherlands,Malen,38
2020-10-12,Spain,France,Spain,Morata,7
2020-10-19,Germany,France,Germany,Fullkrug,62
2020-10-19,Germany,France,Germany,Musiala,24
2020-10-28,Brazil,Portugal,Brazil,Vinicius,39
2020-10-31,England,Brazil,England,Kane,57
2020-10-31,England,Brazil,Brazil,Neymar,76
2020-10-31,England,Brazil,Brazil,Raphinha,40
2020-11-07,Portugal,Argentina,Portugal,Fernandes,21
2020-11-07,Portugal,Argentina,Portugal,Ronaldo,71
2020-11-07,Portugal,Argentina,Portugal,Ronaldo,1
2020-11-13,Croatia,Portugal,Croatia,Pasalic,10
2020-11-13,Croatia,Portugal,Portugal,Fernandes,34
2020-11-29,Portugal,Germany,Portugal,Fernandes,57
2020-11-29,Portugal,Germany,Portugal,Ronaldo,6
2020-11-29,Portugal,Germany,Germany,Havertz,42
2020-12-06,Germany,Argentina,Argentina,Messi,23
2020-12-06,Germany,Argentina,Argentina,Alvarez,84
2020-12-06,Germany,Argentina,Argentina,Alvarez,36
2020-12-06,Germany,Argentina,Argentina,Messi,75
2020-12-06,Germany,Argentina,Argentina,Alvarez,63
2020-12-06,Germany,Argentina,Argentina,Di Maria,61
2020-12-15,Spain,Italy,Spain,Olmo,41
2020-12-15,Spain,Italy,Italy,Chiesa,15
2020-12-15,Spain,Italy,Italy,Scamacca,52
2020-12-22,Argentina,Netherlands,Argentina,Alvarez,57
2020-12-22,Argentina,Netherlands,Netherlands,Malen,27
2020-12-27,Netherlands,France,Netherlands,Simons,78
2020-12-27,Netherlands,France,Netherlands,Malen,21
2021-01-01,Netherlands,Argentina,Netherlands,Malen,64
2021-01-01,Netherlands,Argentina,Argentina,Di Maria,38
2021-01-01,Netherlands,Argentina,Argentina,Alvarez,35
2021-01-01,Netherlands,Argentina,Argentina,Alvarez,62
2021-01-07,England,Croatia,England,Bellingham,9
2021-01-07,England,Croatia,Croatia,Kramaric,54
2021-01-12,Netherlands,Germany,Netherlands,Simons,63
2021-01-12,Netherlands,Germany,Germany,Havertz,58
2021-01-19,Croatia,Spain,Spain,Yamal,25
2021-01-23,Portugal,Italy,Italy,Barella,49
2021-01-29,France,Croatia,France,Mbappe,57
2021-01-29,France,Croatia,Croatia,Kramaric,59
2021-02-01,France,Italy,France,Giroud,51
2021-02-01,France,Italy,France,Giroud,43
2021-02-01,France,Italy,Italy,Scamacca,69
2021-02-07,Spain,Croatia,Spain,Williams,37
2021-02-11,Brazil,Italy,Brazil,Neymar,4
2021-02-11,Brazil,Italy,Brazil,Neymar,8
2021-02-11,Brazil,Italy,Brazil,Neymar,48
2021-02-17,France,England,France,Mbappe,49
2021-02-17,France,England,France,Giroud,31
2021-02-23,Portugal,France,France,Griezmann,60
2021-02-23,Portugal,France,France,Griezmann,87
2021-03-02,France,Brazil,France,Mbappe,39
2021-03-02,France,Brazil,Brazil,Neymar,50
2021-03-02,France,Brazil,Brazil,Raphinha,14
2021-03-06,Italy,Portugal,Italy,Scamacca,51
2021-03-06,Italy,Portugal,Portugal,Ronaldo,73
2021-03-09,Portugal,Croatia,Portugal,Ronaldo,33
2021-03-09,Portugal,Croatia,Portugal,Fernandes,85
2021-03-09,Portugal,Croatia,Portugal,Fernandes,18
2021-03-09,Portugal,Croatia,Croatia,Perisic,81
2021-03-16,Brazil,Germany,Brazil,Rodrygo,47
2021-03-23,Netherlands,Germany,Netherlands,Depay,15
2021-03-23,Netherlands,Germany,Germany,Musiala,10
2021-03-23,Netherlands,Germany,Germany,Fullkrug,29
2021-03-23,Netherlands,Germany,Germany,Havertz,87
2021-03-29,Netherlands,Spain,Spain,Morata,48
2021-04-03,Portugal,Italy,Portugal,Ronaldo,72
2021-04-03,Portugal,Italy,Portugal,Ronaldo,79
2021-04-07,Brazil,Croatia,Brazil,Raphinha,39
2021-04-07,Brazil,Croatia,Brazil,Raphinha,15
2021-04-10,England,Netherlands,Netherlands,Malen,70
2021-04-16,Portugal,France,Portugal,Ronaldo,31
2021-04-16,Portugal,France,Portugal,Ramos,13
2021-04-16,Portugal,France,Portugal,Leao,48
2021-04-16,Portugal,France,Portugal,Fernandes,83
2021-04-16,Portugal,France,Portugal,Ronaldo,51
2021-04-16,Portugal,France,France,Mbappe,16
2021-04-22,Brazil,England,Brazil,Neymar,73
2021-04-22,Brazil,England,Brazil,Neymar,71
2021-04-22,Brazil,England,England,Kane,28
2021-04-26,Spain,France,Spain,Yamal,17
2021-04-26,Spain,France,Spain,Morata,31
2021-04-26,Spain,France,France,Giroud,3
2021-04-26,Spain,France,France,Mbappe,7
2021-04-26,Spain,France,France,Mbappe,54
2021-04-26,Spain,France,France,Giroud,9
2021-05-02,Croatia,Spain,Croatia,Perisic,85
2021-05-02,Croatia,Spain,Spain,Olmo,59
2021-05-02,Croatia,Spain,Spain,Williams,4
2021-05-05,Croatia,Italy,Croatia,Pasalic,42
2021-05-05,Croatia,Italy,Italy,Barella,9
2021-05-09,Germany,Portugal,Germany,Wirtz,13
2021-05-09,Germany,Portugal,Germany,Wirtz,15
2021-05-09,Germany,Portugal,Portugal,Ramos,84
2021-05-09,Germany,Portugal,Portugal,Ramos,71
2021-05-13,Italy,Croatia,Italy,Barella,41
2021-05-13,Italy,Croatia,Italy,Retegui,86
2021-05-18,Spain,France,Spain,Olmo,48
2021-05-18,Spain,France,Spain,Yamal,72
2021-05-21,Portugal,Netherlands,Portugal,Ronaldo,37
2021-05-21,Portugal,Netherlands,Portugal,Fernandes,46
2021-05-21,Portugal,Netherlands,Netherlands,Depay,65
2021-05-21,Portugal,Netherlands,Netherlands,Depay,85
2021-05-21,Portugal,Netherlands,Netherlands,Gakpo,14
2021-05-26,Netherlands,Spain,Spain,Olmo,72
2021-06-02,Portugal,Netherlands,Netherlands,Depay,90
2021-06-02,Portugal,Netherlands,Netherlands,Malen,44
2021-06-07,Argentina,France,Argentina,Alvarez,4
2021-06-07,Argentina,France,Argentina,Messi,68
2021-06-16,Portugal,Brazil,Portugal,Ronaldo,57
2021-06-16,Portugal,Brazil,Brazil,Rodrygo,63
2021-06-23,Croatia,Italy,Italy,Retegui,37
2021-06-30,Croatia,Netherlands,Croatia,Kramaric,39
2021-06-30,Croatia,Netherlands,Netherlands,Simons,18
2021-07-05,Germany,Spain,Spain,Morata,69
2021-07-09,Netherlands,Spain,Spain,Morata,10
2021-07-14,Portugal,Italy,Portugal,Ronaldo,42
2021-07-14,Portugal,Italy,Portugal,Ronaldo,80
2021-07-20,Spain,Brazil,Spain,Morata,40
2021-07-20,Spain,Brazil,Brazil,Rodrygo,29
2021-07-25,France,Brazil,France,Giroud,83
2021-07-25,France,Brazil,Brazil,Rodrygo,31
2021-07-25,France,Brazil,Brazil,Neymar,33
2021-07-29,France,Portugal,Portugal,Leao,81
2021-08-04,Croatia,Portugal,Croatia,Pasalic,81
2021-08-04,Croatia,Portugal,Portugal,Ronaldo,57
2021-08-04,Croatia,Portugal,Portugal,Ronaldo,57
2021-08-04,Croatia,Portugal,Portugal,Fernandes,36
2021-08-11,Argentina,Spain,Argentina,Martinez,10
2021-08-11,Argentina,Spain,Spain,Williams,12
2021-08-18,Portugal,Netherlands,Portugal,Leao,74
2021-08-18,Portugal,Netherlands,Portugal,Fernandes,42
2021-08-18,Portugal,Netherlands,Portugal,Fernandes,65
2021-08-22,Argentina,Croatia,Croatia,Perisic,65
2021-08-26,Argentina,England,Argentina,Di Maria,50
2021-08-26,Argentina,England,Argentina,Alvarez,44
2021-08-26,Argentina,England,Argentina,Martinez,7
2021-08-31,Brazil,Spain,Spain,Williams,85
2021-09-07,France,Spain,Spain,Williams,85
2021-09-07,France,Spain,Spain,Olmo,77
2021-09-10,Germany,Netherlands,Germany,Wirtz,55
2021-09-10,Germany,Netherlands,Germany,Musiala,3
2021-09-10,Germany,Netherlands,Germany,Musiala,24
2021-09-10,Germany,Netherlands,Netherlands,Simons,44
2021-09-10,Germany,Netherlands,Netherlands,Simons,63
2021-09-10,Germany,Netherlands,Netherlands,Depay,18
2021-09-14,Brazil,Germany,Brazil,Neymar,80
2021-09-14,Brazil,Germany,Germany,Fullkrug,49
2021-09-14,Brazil,Germany,Germany,Fullkrug,24
2021-09-14,Brazil,Germany,Germany,Havertz,80
2021-09-18,Croatia,Argentina,Argentina,Alvarez,37
2021-09-24,England,Netherlands,England,Saka,74
2021-09-24,England,Netherlands,England,Foden,60
2021-09-24,England,Netherlands,England,Bellingham,49
2021-10-01,Netherlands,Italy,Netherlands,Gakpo,48
2021-10-01,Netherlands,Italy,Netherlands,Gakpo,14
2021-10-01,Netherlands,Italy,Netherlands,Malen,67
2021-10-04,Germany,Brazil,Germany,Musiala,29
2021-10-04,Germany,Brazil,Brazil,Rodrygo,45
2021-10-07,Italy,Argentina,Argentina,Messi,29
2021-10-10,Spain,Brazil,Spain,Yamal,90
2021-10-10,Spain,Brazil,Spain,Yamal,61
2021-10-10,Spain,Brazil,Spain,Olmo,1
2021-10-13,Argentina,Germany,Argentina,Martinez,31
2021-10-13,Argentina,Germany,Germany,Musiala,7
2021-10-13,Argentina,Germany,Germany,Fullkrug,82
2021-10-20,Croatia,Brazil,Brazil,Vinicius,31
2021-10-20,Croatia,Brazil,Brazil,Rodrygo,38
2021-10-26,Argentina,Portugal,Argentina,Messi,68
2021-10-26,Argentina,Portugal,Argentina,Alvarez,65
2021-10-26,Argentina,Portugal,Portugal,Fernandes,50
2021-11-01,Argentina,Italy,Argentina,Martinez,81
2021-11-01,Argentina,Italy,Argentina,Messi,75
2021-11-01,Argentina,Italy,Italy,Barella,43
2021-11-05,Argentina,Spain,Argentina,Martinez,81
2021-11-05,Argentina,Spain,Argentina,Messi,18
2021-11-05,Argentina,Spain,Spain,Morata,59
2021-11-11,Spain,Germany,Spain,Olmo,7
2021-11-11,Spain,Germany,Spain,Yamal,43
2021-11-11,Spain,Germany,Spain,Morata,48
2021-11-11,Spain,Germany,Germany,Musiala,52
2021-11-17,Italy,Spain,Italy,Chiesa,78
2021-11-17,Italy,Spain,Italy,Scamacca,24
2021-11-17,Italy,Spain,Spain,Olmo,42
2021-11-17,Italy,Spain,Spain,Morata,42
2021-11-17,Italy,Spain,Spain,Williams,40
2021-11-23,Portugal,Italy,Italy,Barella,46
2021-11-30,Italy,Germany,Italy,Retegui,87
2021-11-30,Italy,Germany,Italy,Chiesa,4
2021-11-30,Italy,Germany,Germany,Fullkrug,78
2021-12-06,Argentina,France,France,Mbappe,73
2021-12-09,Portugal,France,Portugal,Fernandes,32
2021-12-09,Portugal,France,Portugal,Leao,4
2021-12-09,Portugal,France,France,Giroud,64
2021-12-09,Portugal,France,France,Giroud,72
2021-12-09,Portugal,France,France,Mbappe,34
2021-12-15,England,Portugal,England,Bellingham,58
2021-12-15,England,Portugal,England,Kane,57
2021-12-18,Spain,Brazil,Spain,Morata,90
2021-12-22,Spain,Netherlands,Spain,Olmo,47
2021-12-22,Spain,Netherlands,Spain,Olmo,48
2021-12-28,Netherlands,France,Netherlands,Malen,74
2021-12-28,Netherlands,France,France,Mbappe,41
2021-12-28,Netherlands,France,France,Giroud,58
2021-12-28,Netherlands,France,France,Mbappe,67
2022-01-02,France,Netherlands,France,Mbappe,20
2022-01-02,France,Netherlands,Netherlands,Depay,21
2022-01-02,France,Netherlands,Netherlands,Depay,29
2022-01-02,France,Netherlands,Netherlands,Depay,67
2022-01-07,Brazil,Germany,Brazil,Vinicius,76
2022-01-07,Brazil,Germany,Brazil,Raphinha,20
2022-01-07,Brazil,Germany,Germany,Fullkrug,80
2022-01-07,Brazil,Germany,Germany,Wirtz,78
2022-01-12,Portugal,Argentina,Portugal,Fernandes,74
2022-01-17,England,Portugal,England,Foden,62
2022-01-17,England,Portugal,England,Kane,88
2022-01-17,England,Portugal,Portugal,Ronaldo,59
2022-01-20,Argentina,France,Argentina,Alvarez,41
2022-02-13,Portugal,Italy,Italy,Retegui,74
2022-02-18,England,France,England,Kane,51
2022-02-18,England,France,France,Giroud,31
2022-03-01,Croatia,Germany,Croatia,Modric,73
2022-03-01,Croatia,Germany,Croatia,Modric,47
2022-03-01,Croatia,Germany,Germany,Wirtz,10
2022-03-01,Croatia,Germany,Germany,Musiala,58
2022-03-01,Croatia,Germany,Germany,Wirtz,36
2022-03-13,Spain,Netherlands,Spain,Morata,18
2022-03-13,Spain,Netherlands,Spain,Williams,61
2022-03-13,Spain,Netherlands,Netherlands,Gakpo,20
2022-03-20,Netherlands,France,Netherlands,Simons,39
2022-03-27,Spain,Netherlands,Spain,Williams,54
2022-03-27,Spain,Netherlands,Spain,Olmo,89
2022-03-27,Spain,Netherlands,Spain,Williams,77
2022-03-27,Spain,Netherlands,Netherlands,Gakpo,84
2022-04-03,Portugal,England,Portugal,Fernandes,5
2022-04-03,Portugal,England,Portugal,Fernandes,90
2022-04-03,Portugal,England,England,Kane,3
2022-04-03,Portugal,England,England,Kane,54
2022-04-03,Portugal,England,England,Kane,89
2022-04-07,Italy,Netherlands,Italy,Chiesa,42
2022-04-07,Italy,Netherlands,Italy,Scamacca,62
2022-04-07,Italy,Netherlands,Italy,Retegui,41
2022-04-07,Italy,Netherlands,Italy,Scamacca,59
2022-04-14,Spain,Netherlands,Spain,Morata,72
2022-04-14,Spain,Netherlands,Spain,Morata,39
2022-04-14,Spain,Netherlands,Spain,Williams,27
2022-04-14,Spain,Netherlands,Netherlands,Gakpo,63
2022-04-14,Spain,Netherlands,Netherlands,Depay,45
2022-04-21,Germany,Brazil,Germany,Wirtz,19
2022-04-21,Germany,Brazil,Germany,Fullkrug,37
2022-04-21,Germany,Brazil,Brazil,Raphinha,11
2022-04-26,Croatia,Germany,Croatia,Modric,35
2022-04-26,Croatia,Germany,Germany,Fullkrug,79
2022-05-03,England,Argentina,England,Kane,61
2022-05-03,England,Argentina,England,Kane,18
2022-05-06,Netherlands,France,Netherlands,Gakpo,12
2022-05-06,Netherlands,France,Netherlands,Gakpo,30
2022-05-06,Netherlands,France,Netherlands,Gakpo,5
2022-05-06,Netherlands,France,France,Griezmann,23
2022-05-06,Netherlands,France,France,Mbappe,23
2022-05-09,Italy,Croatia,Croatia,Kramaric,39
2022-05-09,Italy,Croatia,Croatia,Modric,14
2022-05-14,Germany,Croatia,Germany,Fullkrug,21
2022-05-14,Germany,Croatia,Germany,Wirtz,83
2022-05-14,Germany,Croatia,Germany,Fullkrug,24
2022-05-14,Germany,Croatia,Croatia,Kramaric,44
2022-05-14,Germany,Croatia,Croatia,Perisic,73
2022-05-18,France,Portugal,France,Mbappe,42
2022-05-18,France,Portugal,France,Griezmann,1
2022-05-18,France,Portugal,France,Mbappe,31
2022-05-18,France,Portugal,France,Mbappe,35
2022-05-18,France,Portugal,Portugal,Leao,39
2022-05-25,Portugal,Argentina,Argentina,Martinez,60
2022-05-30,France,Italy,France,Mbappe,18
2022-05-30,France,Italy,France,Mbappe,59
2022-05-30,France,Italy,France,Giroud,78
2022-05-30,France,Italy,France,Mbappe,90
2022-05-30,France,Italy,France,Giroud,61
2022-05-30,France,Italy,Italy,Barella,86
2022-06-03,England,Portugal,England,Kane,73
2022-06-03,England,Portugal,Portugal,Ronaldo,71
2022-06-10,England,Portugal,England,Saka,63
2022-06-10,England,Portugal,Portugal,Ronaldo,66
2022-06-10,England,Portugal,Portugal,Ronaldo,8
2022-06-16,France,Netherlands,France,Mbappe,33
2022-06-16,France,Netherlands,France,Griezmann,28
2022-06-16,France,Netherlands,Netherlands,Gakpo,6
2022-06-22,Spain,Brazil,Spain,Morata,18
2022-06-22,Spain,Brazil,Brazil,Rodrygo,83
2022-06-22,Spain,Brazil,Brazil,Raphinha,48
2022-06-22,Spain,Brazil,Brazil,Raphinha,49
2022-06-28,Italy,Brazil,Italy,Chiesa,69
2022-06-28,Italy,Brazil,Italy,Retegui,17
2022-06-28,Italy,Brazil,Brazil,Rodrygo,29
2022-07-01,Argentina,Germany,Argentina,Messi,59
2022-07-01,Argentina,Germany,Argentina,Messi,36
2022-07-05,Brazil,Argentina,Brazil,Neymar,13
2022-07-05,Brazil,Argentina,Brazil,Vinicius,58
2022-07-05,Brazil,Argentina,Argentina,Alvarez,7
2022-07-09,Argentina,Italy,Argentina,Di Maria,30
2022-07-09,Argentina,Italy,Argentina,Martinez,74
2022-07-09,Argentina,Italy,Italy,Retegui,77
2022-07-14,England,Germany,England,Saka,76
2022-07-14,England,Germany,England,Bellingham,23
2022-07-14,England,Germany,England,Saka,55
2022-07-21,Croatia,Argentina,Croatia,Modric,69
2022-07-21,Croatia,Argentina,Croatia,Modric,29
2022-07-21,Croatia,Argentina,Croatia,Kramaric,19
2022-07-21,Croatia,Argentina,Croatia,Pasalic,8
2022-07-21,Croatia,Argentina,Argentina,Alvarez,54
2022-07-28,Netherlands,France,Netherlands,Gakpo,48
2022-07-28,Netherlands,France,France,Mbappe,25
2022-07-31,Germany,Italy,Germany,Musiala,43
2022-07-31,Germany,Italy,Germany,Musiala,2
2022-07-31,Germany,Italy,Germany,Fullkrug,25
2022-07-31,Germany,Italy,Italy,Scamacca,16
2022-07-31,Germany,Italy,Italy,Barella,62
2022-08-04,Portugal,England,Portugal,Fernandes,84
2022-08-04,Portugal,England,England,Kane,34
2022-08-09,Netherlands,Croatia,Netherlands,Depay,41
2022-08-09,Netherlands,Croatia,Netherlands,Gakpo,73
2022-08-09,Netherlands,Croatia,Croatia,Pasalic,19
2022-08-12,Germany,Netherlands,Germany,Havertz,64
2022-08-12,Germany,Netherlands,Germany,Wirtz,88
2022-08-12,Germany,Netherlands,Germany,Musiala,63
2022-08-12,Germany,Netherlands,Netherlands,Simons,83
2022-08-18,Croatia,France,Croatia,Modric,24
2022-08-25,Argentina,Netherlands,Netherlands,Malen,30
2022-08-25,Argentina,Netherlands,Netherlands,Depay,20
2022-08-25,Argentina,Netherlands,Netherlands,Depay,65
2022-08-25,Argentina,Netherlands,Netherlands,Gakpo,8
2022-09-01,Portugal,Croatia,Portugal,Ronaldo,36
2022-09-01,Portugal,Croatia,Croatia,Modric,37
2022-09-04,Netherlands,Italy,Netherlands,Depay,25
2022-09-04,Netherlands,Italy,Netherlands,Gakpo,33
2022-09-09,Germany,Italy,Italy,Barella,39
2022-09-09,Germany,Italy,Italy,Barella,11
2022-09-12,Brazil,Italy,Brazil,Neymar,22
2022-09-15,Croatia,Italy,Croatia,Pasalic,89
2022-09-15,Croatia,Italy,Italy,Scamacca,61
2022-09-15,Croatia,Italy,Italy,Chiesa,10
2022-09-15,Croatia,Italy,Italy,Barella,36
2022-09-15,Croatia,Italy,Italy,Scamacca,73
2022-09-22,Italy,Brazil,Brazil,Rodrygo,70
2022-09-22,Italy,Brazil,Brazil,Neymar,18
2022-09-25,Netherlands,Spain,Spain,Williams,77
2022-09-25,Netherlands,Spain,Spain,Olmo,42
2022-09-28,Germany,Croatia,Germany,Wirtz,11
2022-09-28,Germany,Croatia,Croatia,Perisic,38
2022-09-28,Germany,Croatia,Croatia,Perisic,10
2022-10-01,Germany,France,Germany,Fullkrug,40
2022-10-01,Germany,France,Germany,Musiala,35
2022-10-01,Germany,France,France,Mbappe,12
2022-10-05,Italy,Croatia,Italy,Chiesa,71
2022-10-08,Portugal,Spain,Portugal,Fernandes,32
2022-10-08,Portugal,Spain,Spain,Olmo,22
2022-10-08,Portugal,Spain,Spain,Williams,22
2022-10-17,Italy,Germany,Italy,Chiesa,81
2022-10-23,Portugal,England,Portugal,Ronaldo,80
2022-10-29,Spain,Croatia,Spain,Morata,89
2022-10-29,Spain,Croatia,Spain,Morata,41
2022-10-29,Spain,Croatia,Croatia,Kramaric,51
2022-11-03,Germany,Croatia,Germany,Wirtz,47
2022-11-03,Germany,Croatia,Germany,Fullkrug,73
2022-11-07,Portugal,Netherlands,Portugal,Ramos,27
2022-11-13,Germany,Brazil,Germany,Wirtz,55
2022-11-13,Germany,Brazil,Germany,Wirtz,10
2022-11-13,Germany,Brazil,Brazil,Vinicius,77
2022-11-13,Germany,Brazil,Brazil,Vinicius,52
2022-11-20,Netherlands,Italy,Netherlands,Depay,32
2022-11-20,Netherlands,Italy,Netherlands,Gakpo,46
2022-11-20,Netherlands,Italy,Italy,Chiesa,79
2022-11-20,Netherlands,Italy,Italy,Chiesa,83
2022-11-30,Netherlands,Portugal,Netherlands,Gakpo,89
2022-11-30,Netherlands,Portugal,Portugal,Fernandes,45
2022-12-03,Croatia,Brazil,Brazil,Rodrygo,19
2022-12-08,Germany,Spain,Germany,Musiala,90
2022-12-08,Germany,Spain,Spain,Olmo,9
2022-12-16,France,England,France,Griezmann,81
2022-12-16,France,England,France,Mbappe,82
2022-12-16,France,England,England,Saka,51
2022-12-19,Portugal,England,Portugal,Ronaldo,36
2022-12-22,Portugal,Brazil,Portugal,Ronaldo,86
2022-12-22,Portugal,Brazil,Portugal,Ramos,68
2022-12-27,Portugal,Italy,Portugal,Ronaldo,79
2022-12-27,Portugal,Italy,Portugal,Fernandes,87
2022-12-27,Portugal,Italy,Italy,Chiesa,16
2022-12-27,Portugal,Italy,Italy,Chiesa,15
2022-12-27,Portugal,Italy,Italy,Chiesa,89
2022-12-31,Netherlands,Italy,Netherlands,Gakpo,89
2022-12-31,Netherlands,Italy,Italy,Scamacca,23
2023-01-07,France,Croatia,France,Mbappe,25
2023-01-07,France,Croatia,Croatia,Pasalic,72
2023-01-07,France,Croatia,Croatia,Modric,64
2023-01-07,France,Croatia,Croatia,Modric,63
2023-01-17,Germany,Argentina,Argentina,Alvarez,64
2023-01-24,Netherlands,Brazil,Netherlands,Gakpo,28
2023-01-24,Netherlands,Brazil,Brazil,Raphinha,14
2023-01-24,Netherlands,Brazil,Brazil,Rodrygo,84
2023-01-24,Netherlands,Brazil,Brazil,Rodrygo,39
2023-01-24,Netherlands,Brazil,Brazil,Raphinha,5
2023-01-30,Germany,Spain,Germany,Havertz,27
2023-01-30,Germany,Spain,Spain,Yamal,76
2023-02-08,England,Argentina,England,Foden,38
2023-02-08,England,Argentina,Argentina,Messi,35
2023-02-15,Brazil,France,Brazil,Rodrygo,32
2023-02-15,Brazil,France,Brazil,Rodrygo,87
2023-02-15,Brazil,France,Brazil,Vinicius,19
2023-02-15,Brazil,France,Brazil,Vinicius,35
2023-02-15,Brazil,France,Brazil,Vinicius,49
2023-02-15,Brazil,France,France,Mbappe,82
2023-02-18,Italy,Netherlands,Italy,Scamacca,12
2023-02-18,Italy,Netherlands,Italy,Barella,59
2023-02-18,Italy,Netherlands,Italy,Barella,90
2023-02-18,Italy,Netherlands,Netherlands,Depay,9
2023-02-25,Italy,England,Italy,Retegui,17
2023-02-25,Italy,England,Italy,Retegui,63
2023-02-25,Italy,England,England,Bellingham,88
2023-02-28,Argentina,Brazil,Argentina,Alvarez,55
2023-02-28,Argentina,Brazil,Argentina,Messi,89
2023-02-28,Argentina,Brazil,Brazil,Raphinha,84
2023-03-05,France,Germany,Germany,Wirtz,84
2023-03-09,Argentina,Italy,Argentina,Messi,28
2023-03-09,Argentina,Italy,Argentina,Alvarez,17
2023-03-09,Argentina,Italy,Argentina,Alvarez,67
2023-03-15,Argentina,Spain,Argentina,Messi,14
2023-03-15,Argentina,Spain,Argentina,Messi,48
2023-03-15,Argentina,Spain,Argentina,Martinez,18
2023-03-21,France,Brazil,France,Giroud,81
2023-03-21,France,Brazil,Brazil,Rodrygo,53
2023-03-31,Portugal,Italy,Portugal,Fernandes,32
2023-03-31,Portugal,Italy,Italy,Retegui,77
2023-04-07,Germany,Argentina,Germany,Fullkrug,7
2023-04-07,Germany,Argentina,Germany,Wirtz,31
2023-04-07,Germany,Argentina,Argentina,Alvarez,15
2023-04-07,Germany,Argentina,Argentina,Messi,82
2023-04-14,Brazil,Netherlands,Brazil,Neymar,50
2023-04-21,Italy,Spain,Italy,Retegui,2
2023-04-21,Italy,Spain,Spain,Morata,6
2023-04-21,Italy,Spain,Spain,Yamal,51
2023-04-28,Germany,Netherlands,Germany,Fullkrug,11
2023-04-28,Germany,Netherlands,Germany,Musiala,27
2023-04-28,Germany,Netherlands,Netherlands,Simons,20
2023-04-28,Germany,Netherlands,Netherlands,Gakpo,51
2023-05-05,Brazil,Germany,Brazil,Vinicius,59
2023-05-05,Brazil,Germany,Brazil,Vinicius,8
2023-05-05,Brazil,Germany,Brazil,Neymar,85
2023-05-09,Brazil,Argentina,Brazil,Neymar,17
2023-05-09,Brazil,Argentina,Brazil,Rodrygo,35
2023-05-09,Brazil,Argentina,Argentina,Martinez,16
2023-05-09,Brazil,Argentina,Argentina,Martinez,4
2023-05-09,Brazil,Argentina,Argentina,Messi,55
2023-05-14,Netherlands,Brazil,Brazil,Neymar,73
2023-05-14,Netherlands,Brazil,Brazil,Neymar,21
2023-05-14,Netherlands,Brazil,Brazil,Neymar,14
2023-05-21,Brazil,England,Brazil,Neymar,47
2023-05-21,Brazil,England,England,Kane,20
2023-05-25,Argentina,Netherlands,Argentina,Di Maria,41
2023-05-25,Argentina,Netherlands,Argentina,Messi,10
2023-05-25,Argentina,Netherlands,Argentina,Alvarez,16
2023-06-01,Argentina,France,France,Mbappe,60
2023-06-06,Germany,Spain,Spain,Morata,39
2023-06-13,England,Croatia,England,Kane,53
2023-06-13,England,Croatia,England,Kane,70
2023-06-13,England,Croatia,England,Kane,89
2023-06-13,England,Croatia,England,Bellingham,43
2023-06-13,England,Croatia,Croatia,Kramaric,85
2023-06-19,Germany,Brazil,Brazil,Neymar,6
2023-06-19,Germany,Brazil,Brazil,Raphinha,67
2023-06-19,Germany,Brazil,Brazil,Vinicius,48
2023-06-19,Germany,Brazil,Brazil,Vinicius,11
2023-06-26,Brazil,Netherlands,Netherlands,Gakpo,56
2023-06-30,England,Germany,England,Kane,10
2023-06-30,England,Germany,Germany,Havertz,18
2023-06-30,England,Germany,Germany,Wirtz,75
2023-06-30,England,Germany,Germany,Fullkrug,14
2023-07-04,Croatia,Spain,Spain,Morata,34
2023-07-04,Croatia,Spain,Spain,Yamal,12
2023-07-08,Germany,Portugal,Portugal,Ronaldo,46
2023-07-08,Germany,Portugal,Portugal,Ronaldo,7
2023-07-13,Germany,France,France,Giroud,32
2023-07-16,Croatia,Brazil,Croatia,Pasalic,29
2023-07-20,England,Italy,England,Kane,10
2023-07-20,England,Italy,Italy,Chiesa,9
2023-07-24,Croatia,France,France,Griezmann,7
2023-07-24,Croatia,France,France,Mbappe,74
2023-07-30,Italy,Croatia,Croatia,Kramaric,24
2023-08-04,Germany,Croatia,Germany,Fullkrug,53
2023-08-04,Germany,Croatia,Croatia,Pasalic,62
2023-08-07,Brazil,Germany,Brazil,Raphinha,70
2023-08-07,Brazil,Germany,Germany,Wirtz,49
2023-08-07,Brazil,Germany,Germany,Wirtz,46
2023-08-13,Netherlands,Croatia,Netherlands,Depay,4
2023-08-18,Portugal,England,England,Bellingham,61
2023-08-25,Spain,Portugal,Spain,Yamal,8
2023-08-25,Spain,Portugal,Spain,Williams,29
2023-08-25,Spain,Portugal,Portugal,Fernandes,50
2023-08-30,France,England,France,Mbappe,64
2023-08-30,France,England,France,Giroud,23
2023-08-30,France,England,France,Mbappe,12
2023-08-30,France,England,France,Mbappe,78
2023-08-30,France,England,England,Kane,68
2023-08-30,France,England,England,Kane,43
2023-08-30,France,England,England,Foden,26
2023-09-03,Spain,France,Spain,Olmo,19
2023-09-03,Spain,France,Spain,Williams,68
2023-09-08,Brazil,Spain,Brazil,Neymar,21
2023-09-08,Brazil,Spain,Brazil,Rodrygo,56
2023-09-14,Spain,France,Spain,Yamal,49
2023-09-14,Spain,France,Spain,Morata,89
2023-09-14,Spain,France,Spain,Morata,23
2023-09-14,Spain,France,France,Giroud,90
2023-09-21,Italy,Portugal,Portugal,Fernandes,64
2023-09-21,Italy,Portugal,Portugal,Ronaldo,10
2023-09-21,Italy,Portugal,Portugal,Ronaldo,41
2023-09-25,Brazil,Spain,Brazil,Neymar,33
2023-09-28,Argentina,Italy,Argentina,Alvarez,49
2023-10-03,Netherlands,Italy,Italy,Barella,21
2023-10-03,Netherlands,Italy,Italy,Retegui,5
2023-10-16,Spain,Portugal,Spain,Morata,43
2023-10-16,Spain,Portugal,Spain,Morata,25
2023-10-16,Spain,Portugal,Spain,Olmo,71
2023-10-16,Spain,Portugal,Spain,Williams,70
2023-10-16,Spain,Portugal,Portugal,Ronaldo,37
2023-10-21,England,Brazil,Brazil,Vinicius,55
2023-10-21,England,Brazil,Brazil,Neymar,85
2023-11-02,Brazil,Croatia,Brazil,Neymar,70
2023-11-02,Brazil,Croatia,Brazil,Vinicius,48
2023-11-02,Brazil,Croatia,Croatia,Pasalic,48
2023-11-06,Croatia,Argentina,Argentina,Messi,8
2023-11-10,Brazil,Spain,Brazil,Neymar,50
2023-11-10,Brazil,Spain,Brazil,Rodrygo,54
2023-11-17,Croatia,Portugal,Croatia,Perisic,80
2023-11-17,Croatia,Portugal,Croatia,Kramaric,58
2023-11-17,Croatia,Portugal,Portugal,Ronaldo,22
2023-11-17,Croatia,Portugal,Portugal,Leao,25
2023-11-17,Croatia,Portugal,Portugal,Ronaldo,55
2023-11-17,Croatia,Portugal,Portugal,Ronaldo,88
2023-11-23,England,France,England,Kane,51
2023-11-23,England,France,France,Giroud,36
2023-11-23,England,France,France,Giroud,2
2023-11-30,Portugal,Netherlands,Portugal,Fernandes,75
2023-12-03,Brazil,Portugal,Brazil,Neymar,52
2023-12-03,Brazil,Portugal,Brazil,Neymar,78
2023-12-03,Brazil,Portugal,Brazil,Rodrygo,52
2023-12-03,Brazil,Portugal,Brazil,Neymar,43
2023-12-03,Brazil,Portugal,Brazil,Rodrygo,7
2023-12-03,Brazil,Portugal,Portugal,Ramos,35
2023-12-03,Brazil,Portugal,Portugal,Ramos,3
2023-12-08,Germany,Croatia,Germany,Wirtz,42
2023-12-08,Germany,Croatia,Germany,Fullkrug,54
2023-12-08,Germany,Croatia,Germany,Wirtz,12
2023-12-12,Croatia,England,Croatia,Modric,8
2023-12-12,Croatia,England,England,Kane,21
2023-12-15,Germany,Netherlands,Germany,Havertz,26
2023-12-15,Germany,Netherlands,Germany,Havertz,32
2023-12-15,Germany,Netherlands,Netherlands,Depay,7
2023-12-20,England,Germany,England,Saka,31
2023-12-20,England,Germany,Germany,Musiala,77
2023-12-26,France,Croatia,France,Mbappe,21
2023-12-26,France,Croatia,France,Griezmann,28
2023-12-26,France,Croatia,Croatia,Pasalic,83
2023-12-26,France,Croatia,Croatia,Kramaric,27
2023-12-26,France,Croatia,Croatia,Kramaric,53
2024-01-02,Argentina,Croatia,Argentina,Martinez,40
2024-01-02,Argentina,Croatia,Argentina,Martinez,83
2024-01-02,Argentina,Croatia,Argentina,Messi,49
2024-01-14,Portugal,Italy,Portugal,Ronaldo,88
2024-01-14,Portugal,Italy,Italy,Chiesa,9
2024-01-14,Portugal,Italy,Italy,Retegui,36
2024-01-14,Portugal,Italy,Italy,Barella,36
2024-01-14,Portugal,Italy,Italy,Chiesa,84
2024-01-19,England,France,England,Bellingham,77
2024-01-25,Spain,France,Spain,Morata,74
2024-01-25,Spain,France,Spain,Yamal,44
2024-01-25,Spain,France,Spain,Williams,29
2024-01-25,Spain,France,France,Giroud,82
2024-01-31,Spain,Netherlands,Spain,Morata,61
2024-01-31,Spain,Netherlands,Netherlands,Depay,34
2024-02-07,France,Spain,France,Griezmann,54
2024-02-12,Spain,Germany,Spain,Williams,75
2024-02-12,Spain,Germany,Spain,Yamal,10
2024-02-18,England,Netherlands,Netherlands,Gakpo,20
2024-02-22,England,Spain,England,Saka,11
2024-02-22,England,Spain,Spain,Olmo,81
2024-02-22,England,Spain,Spain,Yamal,41
2024-02-25,Argentina,Croatia,Argentina,Martinez,12
2024-02-25,Argentina,Croatia,Argentina,Messi,56
2024-02-25,Argentina,Croatia,Croatia,Perisic,52
2024-03-02,Croatia,Italy,Italy,Scamacca,42
2024-03-09,England,Argentina,England,Kane,50
2024-03-09,England,Argentina,England,Kane,40
2024-03-09,England,Argentina,Argentina,Messi,6
2024-03-14,Germany,Croatia,Germany,Havertz,46
2024-03-14,Germany,Croatia,Germany,Wirtz,22
2024-03-14,Germany,Croatia,Croatia,Pasalic,52
2024-03-14,Germany,Croatia,Croatia,Kramaric,29
2024-03-18,England,Argentina,England,Kane,82
2024-03-18,England,Argentina,Argentina,Messi,69
2024-03-25,Argentina,Portugal,Argentina,Messi,71
2024-03-25,Argentina,Portugal,Argentina,Messi,90
2024-03-25,Argentina,Portugal,Argentina,Messi,89
2024-03-25,Argentina,Portugal,Portugal,Fernandes,2
2024-03-30,Italy,Brazil,Italy,Scamacca,14
2024-03-30,Italy,Brazil,Brazil,Vinicius,80
2024-04-02,Germany,Brazil,Germany,Musiala,21
2024-04-02,Germany,Brazil,Germany,Fullkrug,64
2024-04-02,Germany,Brazil,Brazil,Raphinha,89
2024-04-02,Germany,Brazil,Brazil,Raphinha,43
2024-04-02,Germany,Brazil,Brazil,Neymar,2
2024-04-05,Brazil,Portugal,Brazil,Vinicius,13
2024-04-10,England,Croatia,England,Kane,6
2024-04-10,England,Croatia,England,Bellingham,47
2024-04-15,Italy,Brazil,Brazil,Raphinha,85
2024-04-19,Spain,Croatia,Spain,Morata,15
2024-04-19,Spain,Croatia,Spain,Olmo,59
2024-04-24,Italy,Croatia,Italy,Scamacca,21
2024-04-24,Italy,Croatia,Italy,Chiesa,76
2024-04-24,Italy,Croatia,Italy,Retegui,73
2024-04-24,Italy,Croatia,Croatia,Perisic,24
2024-05-01,Italy,Spain,Italy,Scamacca,57
2024-05-01,Italy,Spain,Italy,Chiesa,34
2024-05-01,Italy,Spain,Italy,Barella,2
2024-05-01,Italy,Spain,Spain,Williams,87
2024-05-01,Italy,Spain,Spain,Olmo,74
2024-05-08,England,Spain,England,Kane,85
2024-05-08,England,Spain,England,Saka,50
2024-05-08,England,Spain,Spain,Morata,72
2024-05-15,Argentina,France,Argentina,Martinez,42
2024-05-15,Argentina,France,Argentina,Messi,36
2024-05-18,Netherlands,England,Netherlands,Gakpo,74
2024-05-18,Netherlands,England,England,Kane,64
2024-05-24,Spain,Brazil,Spain,Olmo,12
2024-05-24,Spain,Brazil,Spain,Williams,80
2024-05-24,Spain,Brazil,Brazil,Vinicius,66
2024-05-31,England,Croatia,England,Kane,72
2024-05-31,England,Croatia,England,Bellingham,77
2024-06-06,Spain,Croatia,Croatia,Kramaric,82
2024-06-11,Netherlands,Spain,Netherlands,Depay,53
2024-06-20,England,Croatia,England,Bellingham,6
2024-06-27,Brazil,Croatia,Brazil,Rodrygo,71
2024-06-27,Brazil,Croatia,Brazil,Raphinha,75
2024-06-27,Brazil,Croatia,Croatia,Modric,66
2024-07-01,Portugal,France,Portugal,Fernandes,50
2024-07-01,Portugal,France,France,Mbappe,78
2024-07-01,Portugal,France,France,Griezmann,32
2024-07-06,Italy,Spain,Italy,Barella,39
2024-07-06,Italy,Spain,Italy,Scamacca,71
2024-07-06,Italy,Spain,Spain,Yamal,71
2024-07-10,England,Portugal,England,Kane,82
2024-07-10,England,Portugal,England,Kane,15
2024-07-10,England,Portugal,England,Bellingham,72
2024-07-10,England,Portugal,Portugal,Fernandes,74
2024-07-10,England,Portugal,Portugal,Leao,54
2024-07-17,Germany,Italy,Germany,Wirtz,26
2024-07-17,Germany,Italy,Germany,Fullkrug,21
2024-07-22,Germany,France,Germany,Havertz,14
2024-07-22,Germany,France,Germany,Wirtz,87
2024-07-22,Germany,France,France,Giroud,29
2024-07-29,Italy,England,Italy,Retegui,54
2024-07-29,Italy,England,England,Foden,88
2024-07-29,Italy,England,England,Kane,71
2024-08-01,Argentina,Germany,Argentina,Alvarez,83
2024-08-01,Argentina,Germany,Argentina,Messi,76
2024-08-01,Argentina,Germany,Germany,Musiala,78
2024-08-05,England,Germany,England,Kane,36
2024-08-05,England,Germany,England,Saka,17
2024-08-05,England,Germany,Germany,Fullkrug,33
2024-08-05,England,Germany,Germany,Fullkrug,60
2024-08-09,Argentina,France,Argentina,Martinez,71
2024-08-09,Argentina,France,Argentina,Messi,41
2024-08-09,Argentina,France,Argentina,Alvarez,24
2024-08-09,Argentina,France,Argentina,Alvarez,65
2024-08-13,Italy,Netherlands,Italy,Chiesa,43
2024-08-18,Spain,Germany,Germany,Havertz,2
2024-08-18,Spain,Germany,Germany,Fullkrug,45
2024-08-18,Spain,Germany,Germany,Musiala,83
2024-08-25,Portugal,England,Portugal,Ronaldo,67
2024-08-25,Portugal,England,Portugal,Ramos,48
2024-08-25,Portugal,England,England,Kane,66
2024-08-25,Portugal,England,England,Kane,6
2024-08-25,Portugal,England,England,Kane,84
2024-09-05,Netherlands,Argentina,Netherlands,Gakpo,14
2024-09-05,Netherlands,Argentina,Argentina,Messi,90
2024-09-11,Brazil,France,France,Mbappe,23
2024-09-16,Netherlands,Brazil,Netherlands,Gakpo,56
2024-09-16,Netherlands,Brazil,Brazil,Neymar,50
2024-09-19,Netherlands,Argentina,Netherlands,Simons,14
2024-09-19,Netherlands,Argentina,Netherlands,Depay,88
2024-09-19,Netherlands,Argentina,Argentina,Messi,12
2024-09-19,Netherlands,Argentina,Argentina,Messi,57
2024-09-25,Italy,Argentina,Italy,Retegui,70
2024-09-30,France,Germany,France,Mbappe,1
2024-09-30,France,Germany,France,Giroud,51
2024-09-30,France,Germany,France,Giroud,11
2024-09-30,France,Germany,France,Mbappe,45
2024-09-30,France,Germany,Germany,Fullkrug,83
2024-09-30,France,Germany,Germany,Havertz,19
2024-10-04,France,England,France,Giroud,73
2024-10-07,Netherlands,Croatia,Netherlands,Depay,75
2024-10-07,Netherlands,Croatia,Croatia,Modric,43
2024-10-12,France,England,England,Kane,79
2024-10-12,France,England,England,Saka,89
2024-10-19,France,Portugal,France,Griezmann,83
2024-10-19,France,Portugal,France,Mbappe,47
2024-10-19,France,Portugal,France,Mbappe,43
2024-10-25,Croatia,Spain,Croatia,Perisic,11
2024-10-30,France,Netherlands,France,Griezmann,75
2024-10-30,France,Netherlands,France,Mbappe,76
2024-10-30,France,Netherlands,Netherlands,Depay,5
2024-10-30,France,Netherlands,Netherlands,Gakpo,70
2024-10-30,France,Netherlands,Netherlands,Simons,70
2024-11-05,France,Spain,France,Giroud,12
2024-11-05,France,Spain,France,Mbappe,65
2024-11-05,France,Spain,Spain,Morata,31
2024-11-12,France,Netherlands,France,Griezmann,19
2024-11-12,France,Netherlands,Netherlands,Malen,62
2024-11-17,Argentina,England,Argentina,Messi,86
2024-11-21,Netherlands,Spain,Netherlands,Gakpo,14
2024-11-21,Netherlands,Spain,Spain,Williams,67
2024-11-26,Germany,Portugal,Germany,Wirtz,10
2024-11-26,Germany,Portugal,Portugal,Fernandes,49
2024-11-30,Netherlands,Italy,Netherlands,Gakpo,65
2024-11-30,Netherlands,Italy,Italy,Scamacca,57
2024-12-04,England,Brazil,England,Kane,78
2024-12-07,England,Italy,England,Kane,53
2024-12-07,England,Italy,England,Kane,6
2024-12-07,England,Italy,England,Kane,76
2024-12-11,France,Netherlands,Netherlands,Depay,24
2024-12-18,Italy,Portugal,Italy,Barella,61
2024-12-18,Italy,Portugal,Italy,Scamacca,22
2024-12-18,Italy,Portugal,Italy,Chiesa,53
2024-12-18,Italy,Portugal,Italy,Barella,75
2024-12-18,Italy,Portugal,Portugal,Ramos,24
2024-12-25,Netherlands,Germany,Germany,Musiala,17
2024-12-25,Netherlands,Germany,Germany,Fullkrug,26
2024-12-25,Netherlands,Germany,Germany,Musiala,65
2024-12-31,France,Portugal,Portugal,Ronaldo,69
2025-01-07,Brazil,Croatia,Brazil,Vinicius,6
2025-01-07,Brazil,Croatia,Brazil,Rodrygo,55
2025-01-07,Brazil,Croatia,Brazil,Neymar,62
2025-01-07,Brazil,Croatia,Croatia,Perisic,49
2025-01-07,Brazil,Croatia,Croatia,Modric,90
2025-01-14,Brazil,Italy,Italy,Scamacca,37
2025-01-28,Spain,Italy,Spain,Yamal,55
2025-01-28,Spain,Italy,Italy,Retegui,79
2025-02-02,Italy,England,England,Saka,33
2025-02-02,Italy,England,England,Foden,74
2025-02-07,Italy,France,Italy,Chiesa,52
2025-02-07,Italy,France,Italy,Barella,71
2025-02-07,Italy,France,Italy,Barella,88
2025-02-07,Italy,France,France,Giroud,21
2025-02-13,Argentina,Brazil,Argentina,Messi,48
2025-02-13,Argentina,Brazil,Argentina,Messi,5
2025-02-19,Italy,Portugal,Italy,Barella,23
2025-02-19,Italy,Portugal,Portugal,Fernandes,57
2025-02-22,England,Netherlands,England,Kane,22
2025-02-22,England,Netherlands,Netherlands,Gakpo,47
2025-03-04,Spain,Italy,Spain,Williams,12
2025-03-11,Germany,Netherlands,Germany,Havertz,74
2025-03-11,Germany,Netherlands,Germany,Fullkrug,23
2025-03-11,Germany,Netherlands,Germany,Musiala,14
2025-03-11,Germany,Netherlands,Netherlands,Gakpo,65
2025-03-16,Spain,Brazil,Spain,Yamal,59
2025-03-16,Spain,Brazil,Spain,Williams,76
2025-03-16,Spain,Brazil,Spain,Yamal,62
2025-03-16,Spain,Brazil,Spain,Morata,9
2025-03-16,Spain,Brazil,Spain,Olmo,29
2025-03-16,Spain,Brazil,Brazil,Rodrygo,30
2025-03-16,Spain,Brazil,Brazil,Rodrygo,53
2025-03-16,Spain,Brazil,Brazil,Raphinha,67
2025-03-23,Argentina,Germany,Argentina,Di Maria,61
2025-03-23,Argentina,Germany,Germany,Musiala,28
2025-03-23,Argentina,Germany,Germany,Havertz,35
2025-03-27,England,Croatia,England,Kane,30
2025-03-31,England,Portugal,England,Foden,64
2025-03-31,England,Portugal,England,Saka,70
2025-04-03,Croatia,Spain,Croatia,Kramaric,74
2025-04-03,Croatia,Spain,Spain,Morata,68
2025-04-03,Croatia,Spain,Spain,Williams,62
2025-04-03,Croatia,Spain,Spain,Yamal,5
2025-04-03,Croatia,Spain,Spain,Olmo,51
2025-04-03,Croatia,Spain,Spain,Yamal,23
2025-04-03,Croatia,Spain,Spain,Olmo,16
2025-04-10,Croatia,Spain,Croatia,Modric,42
2025-04-26,England,Italy,England,Kane,17
2025-04-26,England,Italy,Italy,Scamacca,88
2025-04-30,Brazil,Germany,Brazil,Neymar,54
2025-04-30,Brazil,Germany,Brazil,Vinicius,81
2025-04-30,Brazil,Germany,Brazil,Vinicius,41
2025-04-30,Brazil,Germany,Germany,Wirtz,39
2025-04-30,Brazil,Germany,Germany,Fullkrug,73
2025-05-03,Italy,Brazil,Italy,Retegui,43
2025-05-03,Italy,Brazil,Brazil,Neymar,47
2025-05-03,Italy,Brazil,Brazil,Vinicius,33
2025-05-08,Argentina,Italy,Italy,Retegui,84
2025-05-08,Argentina,Italy,Italy,Retegui,37
2025-05-13,Spain,Netherlands,Spain,Williams,19
2025-05-13,Spain,Netherlands,Spain,Yamal,82
2025-05-13,Spain,Netherlands,Spain,Yamal,44
2025-05-19,Portugal,Italy,Portugal,Ronaldo,41
2025-05-24,Germany,Portugal,Germany,Wirtz,58
2025-05-24,Germany,Portugal,Portugal,Ronaldo,24
2025-05-24,Germany,Portugal,Portugal,Ramos,17
2025-05-28,Germany,Brazil,Brazil,Raphinha,61
2025-06-04,Argentina,Italy,Argentina,Di Maria,50
2025-06-04,Argentina,Italy,Argentina,Messi,32
2025-06-04,Argentina,Italy,Italy,Barella,57
2025-06-08,France,Netherlands,France,Mbappe,70
2025-06-08,France,Netherlands,Netherlands,Simons,71
2025-06-08,France,Netherlands,Netherlands,Gakpo,90
2025-06-15,France,Portugal,France,Mbappe,70
2025-06-15,France,Portugal,France,Mbappe,12
2025-06-15,France,Portugal,France,Mbappe,47
2025-06-15,France,Portugal,Portugal,Ronaldo,20
2025-06-15,France,Portugal,Portugal,Ronaldo,1
2025-06-22,France,Spain,France,Griezmann,39
2025-06-22,France,Spain,Spain,Morata,56
2025-06-27,Portugal,England,Portugal,Ramos,83
2025-06-27,Portugal,England,Portugal,Ronaldo,49
2025-06-27,Portugal,England,England,Kane,11
2025-06-27,Portugal,England,England,Kane,31
2025-07-04,Portugal,Germany,Portugal,Ronaldo,82
2025-07-04,Portugal,Germany,Portugal,Fernandes,58
2025-07-04,Portugal,Germany,Germany,Fullkrug,80
2025-07-04,Portugal,Germany,Germany,Musiala,42
2025-07-07,France,Argentina,France,Mbappe,57
2025-07-07,France,Argentina,Argentina,Martinez,30
2025-07-10,France,Argentina,France,Dembele,60
2025-07-10,France,Argentina,Argentina,Martinez,5
